IOCREO25101,IOCREO25102,IOCREO25103,IOCREO25104,IOCREO25105,IOCREO25106,IOCREO25107,IOCREO25108,IOCREO25109,IOCREO25110,IOCREO25111,IOCREO25112,IOCREO25113,IOCREO25114,IOCREO25115
IOCREO25201,IOCREO25202,IOCREO25203,IOCREO25204,IOCREO25205,IOCREO25206,IOCREO25207,IOCREO25208,IOCREO25209,IOCREO25210,IOCREO25211,IOCREO25212,IOCREO25213,IOCREO25214,IOCREO25215
IOCREO25301,IOCREO25302,IOCREO25303,IOCREO25304,IOCREO25305,IOCREO25306,IOCREO25307,IOCREO25308,IOCREO25309,IOCREO25310,IOCREO25311,IOCREO25312,IOCREO25313,IOCREO25314,IOCREO25315
IOCREO25401,IOCREO25402,IOCREO25403,IOCREO25404,IOCREO25405,IOCREO25406,IOCREO25407,IOCREO25408,IOCREO25409,IOCREO25410,IOCREO25411,IOCREO25412,IOCREO25413,IOCREO25414,IOCREO25415
IOCREO25501,IOCREO25502,IOCREO25503,IOCREO25504,IOCREO25505,IOCREO25506,IOCREO25507,IOCREO25508,IOCREO25509,IOCREO25510,IOCREO25511,IOCREO25512,IOCREO25513,IOCREO25514,IOCREO25515
IOCREO25601,IOCREO25602,IOCREO25603,IOCREO25604,IOCREO25605,IOCREO25606,IOCREO25607,IOCREO25608,IOCREO25609,IOCREO25610,IOCREO25611,IOCREO25612,IOCREO25613,IOCREO25614,IOCREO25615
IOCREO25701,IOCREO25702,IOCREO25703,IOCREO25704,IOCREO25705,IOCREO25706,IOCREO25707,IOCREO25708,IOCREO25709,IOCREO25710,IOCREO25711,IOCREO25712,IOCREO25713,IOCREO25714,IOCREO25715
IOCREO25801,IOCREO25802,IOCREO25803,IOCREO25804,IOCREO25805,IOCREO25806,IOCREO25807,IOCREO25808,IOCREO25809,IOCREO25810,IOCREO25811,IOCREO25812,IOCREO25813,IOCREO25814,IOCREO25815
IOCREO25901,IOCREO25902,IOCREO25903,IOCREO25904,IOCREO25905,IOCREO25906,IOCREO25907,IOCREO25908,IOCREO25909,IOCREO25910,IOCREO25911,IOCREO25912,IOCREO25913,IOCREO25914,IOCREO25915
IOCREO251001,IOCREO251002,IOCREO251003,IOCREO251004,IOCREO251005,IOCREO251006,IOCREO251007,IOCREO251008,IOCREO251009,IOCREO251010,IOCREO251011,IOCREO251012,IOCREO251013,IOCREO251014,IOCREO251015
IOCREO251101,IOCREO251102,IOCREO251103,IOCREO251104,IOCREO251105,IOCREO251106,IOCREO251107,IOCREO251108,IOCREO251109,IOCREO251110,IOCREO251111,IOCREO251112,IOCREO251113,IOCREO251114,IOCREO251115
IOCREO251201,IOCREO251202,IOCREO251203,IOCREO251204,IOCREO251205,IOCREO251206,IOCREO251207,IOCREO251208,IOCREO251209,IOCREO251210,IOCREO251211,IOCREO251212,IOCREO251213,IOCREO251214,IOCREO251215
IOCREO251301,IOCREO251302,IOCREO251303,IOCREO251304,IOCREO251305,IOCREO251306,IOCREO251307,IOCREO251308,IOCREO251309,IOCREO251310,IOCREO251311,IOCREO251312,IOCREO251313,IOCREO251314,IOCREO251315
IOCREO251401,IOCREO251402,IOCREO251403,IOCREO251404,IOCREO251405,IOCREO251406,IOCREO251407,IOCREO251408,IOCREO251409,IOCREO251410,IOCREO251411,IOCREO251412,IOCREO251413,IOCREO251414,IOCREO251415
IOCREO251501,IOCREO251502,IOCREO251503,IOCREO251504,IOCREO251505,IOCREO251506,IOCREO251507,IOCREO251508,IOCREO251509,IOCREO251510,IOCREO251511,IOCREO251512,IOCREO251513,IOCREO251514,IOCREO251515
IOCREO251601,IOCREO251602,IOCREO251603,IOCREO251604,IOCREO251605,IOCREO251606,IOCREO251607,IOCREO251608,IOCREO251609,IOCREO251610,IOCREO251611,IOCREO251612,IOCREO251613,IOCREO251614,IOCREO251615
IOCREO251701,IOCREO251702,IOCREO251703,IOCREO251704,IOCREO251705,IOCREO251706,IOCREO251707,IOCREO251708,IOCREO251709,IOCREO251710,IOCREO251711,IOCREO251712,IOCREO251713,IOCREO251714,IOCREO251715
IOCREO251801,IOCREO251802,IOCREO251803,IOCREO251804,IOCREO251805,IOCREO251806,IOCREO251807,IOCREO251808,IOCREO251809,IOCREO251810,IOCREO251811,IOCREO251812,IOCREO251813,IOCREO251814,IOCREO251815
IOCREO251901,IOCREO251902,IOCREO251903,IOCREO251904,IOCREO251905,IOCREO251906,IOCREO251907,IOCREO251908,IOCREO251909,IOCREO251910,IOCREO251911,IOCREO251912,IOCREO251913,IOCREO251914,IOCREO251915
IOCREO252001,IOCREO252002,IOCREO252003,IOCREO252004,IOCREO252005,IOCREO252006,IOCREO252007,IOCREO252008,IOCREO252009,IOCREO252010,IOCREO252011,IOCREO252012,IOCREO252013,IOCREO252014,IOCREO252015
IOCREO252101,IOCREO252102,IOCREO252103,IOCREO252104,IOCREO252105,IOCREO252106,IOCREO252107,IOCREO252108,IOCREO252109,IOCREO252110,IOCREO252111,IOCREO252112,IOCREO252113,IOCREO252114,IOCREO252115
IOCREO252201,IOCREO252202,IOCREO252203,IOCREO252204,IOCREO252205,IOCREO252206,IOCREO252207,IOCREO252208,IOCREO252209,IOCREO252210,IOCREO252211,IOCREO252212,IOCREO252213,IOCREO252214,IOCREO252215
IOCREO252301,IOCREO252302,IOCREO252303,IOCREO252304,IOCREO252305,IOCREO252306,IOCREO252307,IOCREO252308,IOCREO252309,IOCREO252310,IOCREO252311,IOCREO252312,IOCREO252313,IOCREO252314,IOCREO252315
IOCREO252401,IOCREO252402,IOCREO252403,IOCREO252404,IOCREO252405,IOCREO252406,IOCREO252407,IOCREO252408,IOCREO252409,IOCREO252410,IOCREO252411,IOCREO252412,IOCREO252413,IOCREO252414,IOCREO252415
IOCREO252501,IOCREO252502,IOCREO252503,IOCREO252504,IOCREO252505,IOCREO252506,IOCREO252507,IOCREO252508,IOCREO252509,IOCREO252510,IOCREO252511,IOCREO252512,IOCREO252513,IOCREO252514,IOCREO252515
IOCREO252601,IOCREO252602,IOCREO252603,IOCREO252604,IOCREO252605,IOCREO252606,IOCREO252607,IOCREO252608,IOCREO252609,IOCREO252610,IOCREO252611,IOCREO252612,IOCREO252613,IOCREO252614,IOCREO252615
IOCREO252701,IOCREO252702,IOCREO252703,IOCREO252704,IOCREO252705,IOCREO252706,IOCREO252707,IOCREO252708,IOCREO252709,IOCREO252710,IOCREO252711,IOCREO252712,IOCREO252713,IOCREO252714,IOCREO252715
IOCREO252801,IOCREO252802,IOCREO252803,IOCREO252804,IOCREO252805,IOCREO252806,IOCREO252807,IOCREO252808,IOCREO252809,IOCREO252810,IOCREO252811,IOCREO252812,IOCREO252813,IOCREO252814,IOCREO252815
IOCREO252901,IOCREO252902,IOCREO252903,IOCREO252904,IOCREO252905,IOCREO252906,IOCREO252907,IOCREO252908,IOCREO252909,IOCREO252910,IOCREO252911,IOCREO252912,IOCREO252913,IOCREO252914,IOCREO252915
IOCREO253001,IOCREO253002,IOCREO253003,IOCREO253004,IOCREO253005,IOCREO253006,IOCREO253007,IOCREO253008,IOCREO253009,IOCREO253010,IOCREO253011,IOCREO253012,IOCREO253013,IOCREO253014,IOCREO253015
IOCREO253101,IOCREO253102,IOCREO253103,IOCREO253104,IOCREO253105,IOCREO253106,IOCREO253107,IOCREO253108,IOCREO253109,IOCREO253110,IOCREO253111,IOCREO253112,IOCREO253113,IOCREO253114,IOCREO253115
IOCREO253201,IOCREO253202,IOCREO253203,IOCREO253204,IOCREO253205,IOCREO253206,IOCREO253207,IOCREO253208,IOCREO253209,IOCREO253210,IOCREO253211,IOCREO253212,IOCREO253213,IOCREO253214,IOCREO253215
IOCREO253301,IOCREO253302,IOCREO253303,IOCREO253304,IOCREO253305,IOCREO253306,IOCREO253307,IOCREO253308,IOCREO253309,IOCREO253310,IOCREO253311,IOCREO253312,IOCREO253313,IOCREO253314,IOCREO253315
IOCREO253401,IOCREO253402,IOCREO253403,IOCREO253404,IOCREO253405,IOCREO253406,IOCREO253407,IOCREO253408,IOCREO253409,IOCREO253410,IOCREO253411,IOCREO253412,IOCREO253413,IOCREO253414,IOCREO253415
IOCREO253501,IOCREO253502,IOCREO253503,IOCREO253504,IOCREO253505,IOCREO253506,IOCREO253507,IOCREO253508,IOCREO253509,IOCREO253510,IOCREO253511,IOCREO253512,IOCREO253513,IOCREO253514,IOCREO253515
IOCREO253601,IOCREO253602,IOCREO253603,IOCREO253604,IOCREO253605,IOCREO253606,IOCREO253607,IOCREO253608,IOCREO253609,IOCREO253610,IOCREO253611,IOCREO253612,IOCREO253613,IOCREO253614,IOCREO253615
IOCREO253701,IOCREO253702,IOCREO253703,IOCREO253704,IOCREO253705,IOCREO253706,IOCREO253707,IOCREO253708,IOCREO253709,IOCREO253710,IOCREO253711,IOCREO253712,IOCREO253713,IOCREO253714,IOCREO253715
IOCREO253801,IOCREO253802,IOCREO253803,IOCREO253804,IOCREO253805,IOCREO253806,IOCREO253807,IOCREO253808,IOCREO253809,IOCREO253810,IOCREO253811,IOCREO253812,IOCREO253813,IOCREO253814,IOCREO253815
IOCREO253901,IOCREO253902,IOCREO253903,IOCREO253904,IOCREO253905,IOCREO253906,IOCREO253907,IOCREO253908,IOCREO253909,IOCREO253910,IOCREO253911,IOCREO253912,IOCREO253913,IOCREO253914,IOCREO253915
IOCREO254001,IOCREO254002,IOCREO254003,IOCREO254004,IOCREO254005,IOCREO254006,IOCREO254007,IOCREO254008,IOCREO254009,IOCREO254010,IOCREO254011,IOCREO254012,IOCREO254013,IOCREO254014,IOCREO254015
IOCREO254101,IOCREO254102,IOCREO254103,IOCREO254104,IOCREO254105,IOCREO254106,IOCREO254107,IOCREO254108,IOCREO254109,IOCREO254110,IOCREO254111,IOCREO254112,IOCREO254113,IOCREO254114,IOCREO254115
IOCREO254201,IOCREO254202,IOCREO254203,IOCREO254204,IOCREO254205,IOCREO254206,IOCREO254207,IOCREO254208,IOCREO254209,IOCREO254210,IOCREO254211,IOCREO254212,IOCREO254213,IOCREO254214,IOCREO254215
IOCREO254301,IOCREO254302,IOCREO254303,IOCREO254304,IOCREO254305,IOCREO254306,IOCREO254307,IOCREO254308,IOCREO254309,IOCREO254310,IOCREO254311,IOCREO254312,IOCREO254313,IOCREO254314,IOCREO254315
IOCREO254401,IOCREO254402,IOCREO254403,IOCREO254404,IOCREO254405,IOCREO254406,IOCREO254407,IOCREO254408,IOCREO254409,IOCREO254410,IOCREO254411,IOCREO254412,IOCREO254413,IOCREO254414,IOCREO254415
IOCREO254501,IOCREO254502,IOCREO254503,IOCREO254504,IOCREO254505,IOCREO254506,IOCREO254507,IOCREO254508,IOCREO254509,IOCREO254510,IOCREO254511,IOCREO254512,IOCREO254513,IOCREO254514,IOCREO254515
IOCREO254601,IOCREO254602,IOCREO254603,IOCREO254604,IOCREO254605,IOCREO254606,IOCREO254607,IOCREO254608,IOCREO254609,IOCREO254610,IOCREO254611,IOCREO254612,IOCREO254613,IOCREO254614,IOCREO254615
IOCREO254701,IOCREO254702,IOCREO254703,IOCREO254704,IOCREO254705,IOCREO254706,IOCREO254707,IOCREO254708,IOCREO254709,IOCREO254710,IOCREO254711,IOCREO254712,IOCREO254713,IOCREO254714,IOCREO254715
IOCREO254801,IOCREO254802,IOCREO254803,IOCREO254804,IOCREO254805,IOCREO254806,IOCREO254807,IOCREO254808,IOCREO254809,IOCREO254810,IOCREO254811,IOCREO254812,IOCREO254813,IOCREO254814,IOCREO254815
IOCREO254901,IOCREO254902,IOCREO254903,IOCREO254904,IOCREO254905,IOCREO254906,IOCREO254907,IOCREO254908,IOCREO254909,IOCREO254910,IOCREO254911,IOCREO254912,IOCREO254913,IOCREO254914,IOCREO254915
IOCREO255001,IOCREO255002,IOCREO255003,IOCREO255004,IOCREO255005,IOCREO255006,IOCREO255007,IOCREO255008,IOCREO255009,IOCREO255010,IOCREO255011,IOCREO255012,IOCREO255013,IOCREO255014,IOCREO255015
IOCREO255101,IOCREO255102,IOCREO255103,IOCREO255104,IOCREO255105,IOCREO255106,IOCREO255107,IOCREO255108,IOCREO255109,IOCREO255110,IOCREO255111,IOCREO255112,IOCREO255113,IOCREO255114,IOCREO255115
IOCREO255201,IOCREO255202,IOCREO255203,IOCREO255204,IOCREO255205,IOCREO255206,IOCREO255207,IOCREO255208,IOCREO255209,IOCREO255210,IOCREO255211,IOCREO255212,IOCREO255213,IOCREO255214,IOCREO255215
IOCREO255301,IOCREO255302,IOCREO255303,IOCREO255304,IOCREO255305,IOCREO255306,IOCREO255307,IOCREO255308,IOCREO255309,IOCREO255310,IOCREO255311,IOCREO255312,IOCREO255313,IOCREO255314,IOCREO255315
IOCREO255401,IOCREO255402,IOCREO255403,IOCREO255404,IOCREO255405,IOCREO255406,IOCREO255407,IOCREO255408,IOCREO255409,IOCREO255410,IOCREO255411,IOCREO255412,IOCREO255413,IOCREO255414,IOCREO255415
IOCREO255501,IOCREO255502,IOCREO255503,IOCREO255504,IOCREO255505,IOCREO255506,IOCREO255507,IOCREO255508,IOCREO255509,IOCREO255510,IOCREO255511,IOCREO255512,IOCREO255513,IOCREO255514,IOCREO255515
IOCREO255601,IOCREO255602,IOCREO255603,IOCREO255604,IOCREO255605,IOCREO255606,IOCREO255607,IOCREO255608,IOCREO255609,IOCREO255610,IOCREO255611,IOCREO255612,IOCREO255613,IOCREO255614,IOCREO255615
IOCREO255701,IOCREO255702,IOCREO255703,IOCREO255704,IOCREO255705,IOCREO255706,IOCREO255707,IOCREO255708,IOCREO255709,IOCREO255710,IOCREO255711,IOCREO255712,IOCREO255713,IOCREO255714,IOCREO255715
IOCREO255801,IOCREO255802,IOCREO255803,IOCREO255804,IOCREO255805,IOCREO255806,IOCREO255807,IOCREO255808,IOCREO255809,IOCREO255810,IOCREO255811,IOCREO255812,IOCREO255813,IOCREO255814,IOCREO255815
IOCREO255901,IOCREO255902,IOCREO255903,IOCREO255904,IOCREO255905,IOCREO255906,IOCREO255907,IOCREO255908,IOCREO255909,IOCREO255910,IOCREO255911,IOCREO255912,IOCREO255913,IOCREO255914,IOCREO255915
IOCREO256001,IOCREO256002,IOCREO256003,IOCREO256004,IOCREO256005,IOCREO256006,IOCREO256007,IOCREO256008,IOCREO256009,IOCREO256010,IOCREO256011,IOCREO256012,IOCREO256013,IOCREO256014,IOCREO256015
IOCREO256101,IOCREO256102,IOCREO256103,IOCREO256104,IOCREO256105,IOCREO256106,IOCREO256107,IOCREO256108,IOCREO256109,IOCREO256110,IOCREO256111,IOCREO256112,IOCREO256113,IOCREO256114,IOCREO256115
IOCREO256201,IOCREO256202,IOCREO256203,IOCREO256204,IOCREO256205,IOCREO256206,IOCREO256207,IOCREO256208,IOCREO256209,IOCREO256210,IOCREO256211,IOCREO256212,IOCREO256213,IOCREO256214,IOCREO256215
IOCREO256301,IOCREO256302,IOCREO256303,IOCREO256304,IOCREO256305,IOCREO256306,IOCREO256307,IOCREO256308,IOCREO256309,IOCREO256310,IOCREO256311,IOCREO256312,IOCREO256313,IOCREO256314,IOCREO256315
IOCREO256401,IOCREO256402,IOCREO256403,IOCREO256404,IOCREO256405,IOCREO256406,IOCREO256407,IOCREO256408,IOCREO256409,IOCREO256410,IOCREO256411,IOCREO256412,IOCREO256413,IOCREO256414,IOCREO256415
IOCREO256501,IOCREO256502,IOCREO256503,IOCREO256504,IOCREO256505,IOCREO256506,IOCREO256507,IOCREO256508,IOCREO256509,IOCREO256510,IOCREO256511,IOCREO256512,IOCREO256513,IOCREO256514,IOCREO256515
IOCREO256601,IOCREO256602,IOCREO256603,IOCREO256604,IOCREO256605,IOCREO256606,IOCREO256607,IOCREO256608,IOCREO256609,IOCREO256610,IOCREO256611,IOCREO256612,IOCREO256613,IOCREO256614,IOCREO256615
IOCREO256701,IOCREO256702,IOCREO256703,IOCREO256704,IOCREO256705,IOCREO256706,IOCREO256707,IOCREO256708,IOCREO256709,IOCREO256710,IOCREO256711,IOCREO256712,IOCREO256713,IOCREO256714,IOCREO256715
IOCREO256801,IOCREO256802,IOCREO256803,IOCREO256804,IOCREO256805,IOCREO256806,IOCREO256807,IOCREO256808,IOCREO256809,IOCREO256810,IOCREO256811,IOCREO256812,IOCREO256813,IOCREO256814,IOCREO256815
IOCREO256901,IOCREO256902,IOCREO256903,IOCREO256904,IOCREO256905,IOCREO256906,IOCREO256907,IOCREO256908,IOCREO256909,IOCREO256910,IOCREO256911,IOCREO256912,IOCREO256913,IOCREO256914,IOCREO256915
IOCREO257001,IOCREO257002,IOCREO257003,IOCREO257004,IOCREO257005,IOCREO257006,IOCREO257007,IOCREO257008,IOCREO257009,IOCREO257010,IOCREO257011,IOCREO257012,IOCREO257013,IOCREO257014,IOCREO257015
IOCREO257101,IOCREO257102,IOCREO257103,IOCREO257104,IOCREO257105,IOCREO257106,IOCREO257107,IOCREO257108,IOCREO257109,IOCREO257110,IOCREO257111,IOCREO257112,IOCREO257113,IOCREO257114,IOCREO257115
IOCREO257201,IOCREO257202,IOCREO257203,IOCREO257204,IOCREO257205,IOCREO257206,IOCREO257207,IOCREO257208,IOCREO257209,IOCREO257210,IOCREO257211,IOCREO257212,IOCREO257213,IOCREO257214,IOCREO257215
IOCREO257301,IOCREO257302,IOCREO257303,IOCREO257304,IOCREO257305,IOCREO257306,IOCREO257307,IOCREO257308,IOCREO257309,IOCREO257310,IOCREO257311,IOCREO257312,IOCREO257313,IOCREO257314,IOCREO257315
IOCREO257401,IOCREO257402,IOCREO257403,IOCREO257404,IOCREO257405,IOCREO257406,IOCREO257407,IOCREO257408,IOCREO257409,IOCREO257410,IOCREO257411,IOCREO257412,IOCREO257413,IOCREO257414,IOCREO257415
IOCREO257501,IOCREO257502,IOCREO257503,IOCREO257504,IOCREO257505,IOCREO257506,IOCREO257507,IOCREO257508,IOCREO257509,IOCREO257510,IOCREO257511,IOCREO257512,IOCREO257513,IOCREO257514,IOCREO257515
IOCREO257601,IOCREO257602,IOCREO257603,IOCREO257604,IOCREO257605,IOCREO257606,IOCREO257607,IOCREO257608,IOCREO257609,IOCREO257610,IOCREO257611,IOCREO257612,IOCREO257613,IOCREO257614,IOCREO257615
IOCREO257701,IOCREO257702,IOCREO257703,IOCREO257704,IOCREO257705,IOCREO257706,IOCREO257707,IOCREO257708,IOCREO257709,IOCREO257710,IOCREO257711,IOCREO257712,IOCREO257713,IOCREO257714,IOCREO257715
IOCREO257801,IOCREO257802,IOCREO257803,IOCREO257804,IOCREO257805,IOCREO257806,IOCREO257807,IOCREO257808,IOCREO257809,IOCREO257810,IOCREO257811,IOCREO257812,IOCREO257813,IOCREO257814,IOCREO257815
IOCREO257901,IOCREO257902,IOCREO257903,IOCREO257904,IOCREO257905,IOCREO257906,IOCREO257907,IOCREO257908,IOCREO257909,IOCREO257910,IOCREO257911,IOCREO257912,IOCREO257913,IOCREO257914,IOCREO257915
IOCREO258001,IOCREO258002,IOCREO258003,IOCREO258004,IOCREO258005,IOCREO258006,IOCREO258007,IOCREO258008,IOCREO258009,IOCREO258010,IOCREO258011,IOCREO258012,IOCREO258013,IOCREO258014,IOCREO258015
IOCREO258101,IOCREO258102,IOCREO258103,IOCREO258104,IOCREO258105,IOCREO258106,IOCREO258107,IOCREO258108,IOCREO258109,IOCREO258110,IOCREO258111,IOCREO258112,IOCREO258113,IOCREO258114,IOCREO258115
IOCREO258201,IOCREO258202,IOCREO258203,IOCREO258204,IOCREO258205,IOCREO258206,IOCREO258207,IOCREO258208,IOCREO258209,IOCREO258210,IOCREO258211,IOCREO258212,IOCREO258213,IOCREO258214,IOCREO258215
IOCREO258301,IOCREO258302,IOCREO258303,IOCREO258304,IOCREO258305,IOCREO258306,IOCREO258307,IOCREO258308,IOCREO258309,IOCREO258310,IOCREO258311,IOCREO258312,IOCREO258313,IOCREO258314,IOCREO258315
IOCREO258401,IOCREO258402,IOCREO258403,IOCREO258404,IOCREO258405,IOCREO258406,IOCREO258407,IOCREO258408,IOCREO258409,IOCREO258410,IOCREO258411,IOCREO258412,IOCREO258413,IOCREO258414,IOCREO258415
IOCREO258501,IOCREO258502,IOCREO258503,IOCREO258504,IOCREO258505,IOCREO258506,IOCREO258507,IOCREO258508,IOCREO258509,IOCREO258510,IOCREO258511,IOCREO258512,IOCREO258513,IOCREO258514,IOCREO258515
IOCREO258601,IOCREO258602,IOCREO258603,IOCREO258604,IOCREO258605,IOCREO258606,IOCREO258607,IOCREO258608,IOCREO258609,IOCREO258610,IOCREO258611,IOCREO258612,IOCREO258613,IOCREO258614,IOCREO258615
IOCREO258701,IOCREO258702,IOCREO258703,IOCREO258704,IOCREO258705,IOCREO258706,IOCREO258707,IOCREO258708,IOCREO258709,IOCREO258710,IOCREO258711,IOCREO258712,IOCREO258713,IOCREO258714,IOCREO258715
IOCREO258801,IOCREO258802,IOCREO258803,IOCREO258804,IOCREO258805,IOCREO258806,IOCREO258807,IOCREO258808,IOCREO258809,IOCREO258810,IOCREO258811,IOCREO258812,IOCREO258813,IOCREO258814,IOCREO258815
IOCREO258901,IOCREO258902,IOCREO258903,IOCREO258904,IOCREO258905,IOCREO258906,IOCREO258907,IOCREO258908,IOCREO258909,IOCREO258910,IOCREO258911,IOCREO258912,IOCREO258913,IOCREO258914,IOCREO258915
IOCREO259001,IOCREO259002,IOCREO259003,IOCREO259004,IOCREO259005,IOCREO259006,IOCREO259007,IOCREO259008,IOCREO259009,IOCREO259010,IOCREO259011,IOCREO259012,IOCREO259013,IOCREO259014,IOCREO259015
IOCREO259101,IOCREO259102,IOCREO259103,IOCREO259104,IOCREO259105,IOCREO259106,IOCREO259107,IOCREO259108,IOCREO259109,IOCREO259110,IOCREO259111,IOCREO259112,IOCREO259113,IOCREO259114,IOCREO259115
IOCREO259201,IOCREO259202,IOCREO259203,IOCREO259204,IOCREO259205,IOCREO259206,IOCREO259207,IOCREO259208,IOCREO259209,IOCREO259210,IOCREO259211,IOCREO259212,IOCREO259213,IOCREO259214,IOCREO259215
IOCREO259301,IOCREO259302,IOCREO259303,IOCREO259304,IOCREO259305,IOCREO259306,IOCREO259307,IOCREO259308,IOCREO259309,IOCREO259310,IOCREO259311,IOCREO259312,IOCREO259313,IOCREO259314,IOCREO259315
IOCREO259401,IOCREO259402,IOCREO259403,IOCREO259404,IOCREO259405,IOCREO259406,IOCREO259407,IOCREO259408,IOCREO259409,IOCREO259410,IOCREO259411,IOCREO259412,IOCREO259413,IOCREO259414,IOCREO259415
IOCREO259501,IOCREO259502,IOCREO259503,IOCREO259504,IOCREO259505,IOCREO259506,IOCREO259507,IOCREO259508,IOCREO259509,IOCREO259510,IOCREO259511,IOCREO259512,IOCREO259513,IOCREO259514,IOCREO259515
IOCREO259601,IOCREO259602,IOCREO259603,IOCREO259604,IOCREO259605,IOCREO259606,IOCREO259607,IOCREO259608,IOCREO259609,IOCREO259610,IOCREO259611,IOCREO259612,IOCREO259613,IOCREO259614,IOCREO259615
IOCREO259701,IOCREO259702,IOCREO259703,IOCREO259704,IOCREO259705,IOCREO259706,IOCREO259707,IOCREO259708,IOCREO259709,IOCREO259710,IOCREO259711,IOCREO259712,IOCREO259713,IOCREO259714,IOCREO259715
IOCREO259801,IOCREO259802,IOCREO259803,IOCREO259804,IOCREO259805,IOCREO259806,IOCREO259807,IOCREO259808,IOCREO259809,IOCREO259810,IOCREO259811,IOCREO259812,IOCREO259813,IOCREO259814,IOCREO259815
IOCREO259901,IOCREO259902,IOCREO259903,IOCREO259904,IOCREO259905,IOCREO259906,IOCREO259907,IOCREO259908,IOCREO259909,IOCREO259910,IOCREO259911,IOCREO259912,IOCREO259913,IOCREO259914,IOCREO259915
IOCREO2511,IOCREO2512,IOCREO2513,IOCREO2514,IOCREO2515,IOCREO2516,IOCREO2517,IOCREO2518,IOCREO2519,IOCREO2510010,IOCREO2510011,IOCREO2510012,IOCREO2510013,IOCREO2510014,IOCREO2510015
IOCREO2510101,IOCREO2510102,IOCREO2510103,IOCREO2510104,IOCREO2510105,IOCREO2510106,IOCREO2510107,IOCREO2510108,IOCREO2510109,IOCREO2510110,IOCREO2510111,IOCREO2510112,IOCREO2510113,IOCREO2510114,IOCREO2510115
IOCREO2510201,IOCREO2510202,IOCREO2510203,IOCREO2510204,IOCREO2510205,IOCREO2510206,IOCREO2510207,IOCREO2510208,IOCREO2510209,IOCREO2510210,IOCREO2510211,IOCREO2510212,IOCREO2510213,IOCREO2510214,IOCREO2510215
IOCREO2510301,IOCREO2510302,IOCREO2510303,IOCREO2510304,IOCREO2510305,IOCREO2510306,IOCREO2510307,IOCREO2510308,IOCREO2510309,IOCREO2510310,IOCREO2510311,IOCREO2510312,IOCREO2510313,IOCREO2510314,IOCREO2510315
IOCREO2510401,IOCREO2510402,IOCREO2510403,IOCREO2510404,IOCREO2510405,IOCREO2510406,IOCREO2510407,IOCREO2510408,IOCREO2510409,IOCREO2510410,IOCREO2510411,IOCREO2510412,IOCREO2510413,IOCREO2510414,IOCREO2510415
IOCREO2510501,IOCREO2510502,IOCREO2510503,IOCREO2510504,IOCREO2510505,IOCREO2510506,IOCREO2510507,IOCREO2510508,IOCREO2510509,IOCREO2510510,IOCREO2510511,IOCREO2510512,IOCREO2510513,IOCREO2510514,IOCREO2510515
IOCREO2510601,IOCREO2510602,IOCREO2510603,IOCREO2510604,IOCREO2510605,IOCREO2510606,IOCREO2510607,IOCREO2510608,IOCREO2510609,IOCREO2510610,IOCREO2510611,IOCREO2510612,IOCREO2510613,IOCREO2510614,IOCREO2510615
IOCREO2510701,IOCREO2510702,IOCREO2510703,IOCREO2510704,IOCREO2510705,IOCREO2510706,IOCREO2510707,IOCREO2510708,IOCREO2510709,IOCREO2510710,IOCREO2510711,IOCREO2510712,IOCREO2510713,IOCREO2510714,IOCREO2510715
IOCREO2510801,IOCREO2510802,IOCREO2510803,IOCREO2510804,IOCREO2510805,IOCREO2510806,IOCREO2510807,IOCREO2510808,IOCREO2510809,IOCREO2510810,IOCREO2510811,IOCREO2510812,IOCREO2510813,IOCREO2510814,IOCREO2510815
IOCREO2510901,IOCREO2510902,IOCREO2510903,IOCREO2510904,IOCREO2510905,IOCREO2510906,IOCREO2510907,IOCREO2510908,IOCREO2510909,IOCREO2510910,IOCREO2510911,IOCREO2510912,IOCREO2510913,IOCREO2510914,IOCREO2510915
IOCREO2511001,IOCREO2511002,IOCREO2511003,IOCREO2511004,IOCREO2511005,IOCREO2511006,IOCREO2511007,IOCREO2511008,IOCREO2511009,IOCREO2511010,IOCREO2511011,IOCREO2511012,IOCREO2511013,IOCREO2511014,IOCREO2511015
IOCREO2511101,IOCREO2511102,IOCREO2511103,IOCREO2511104,IOCREO2511105,IOCREO2511106,IOCREO2511107,IOCREO2511108,IOCREO2511109,IOCREO2511110,IOCREO2511111,IOCREO2511112,IOCREO2511113,IOCREO2511114,IOCREO2511115
IOCREO2511201,IOCREO2511202,IOCREO2511203,IOCREO2511204,IOCREO2511205,IOCREO2511206,IOCREO2511207,IOCREO2511208,IOCREO2511209,IOCREO2511210,IOCREO2511211,IOCREO2511212,IOCREO2511213,IOCREO2511214,IOCREO2511215
IOCREO2511301,IOCREO2511302,IOCREO2511303,IOCREO2511304,IOCREO2511305,IOCREO2511306,IOCREO2511307,IOCREO2511308,IOCREO2511309,IOCREO2511310,IOCREO2511311,IOCREO2511312,IOCREO2511313,IOCREO2511314,IOCREO2511315
IOCREO2511401,IOCREO2511402,IOCREO2511403,IOCREO2511404,IOCREO2511405,IOCREO2511406,IOCREO2511407,IOCREO2511408,IOCREO2511409,IOCREO2511410,IOCREO2511411,IOCREO2511412,IOCREO2511413,IOCREO2511414,IOCREO2511415
IOCREO2511501,IOCREO2511502,IOCREO2511503,IOCREO2511504,IOCREO2511505,IOCREO2511506,IOCREO2511507,IOCREO2511508,IOCREO2511509,IOCREO2511510,IOCREO2511511,IOCREO2511512,IOCREO2511513,IOCREO2511514,IOCREO2511515
IOCREO2511601,IOCREO2511602,IOCREO2511603,IOCREO2511604,IOCREO2511605,IOCREO2511606,IOCREO2511607,IOCREO2511608,IOCREO2511609,IOCREO2511610,IOCREO2511611,IOCREO2511612,IOCREO2511613,IOCREO2511614,IOCREO2511615
IOCREO2511701,IOCREO2511702,IOCREO2511703,IOCREO2511704,IOCREO2511705,IOCREO2511706,IOCREO2511707,IOCREO2511708,IOCREO2511709,IOCREO2511710,IOCREO2511711,IOCREO2511712,IOCREO2511713,IOCREO2511714,IOCREO2511715
IOCREO2511801,IOCREO2511802,IOCREO2511803,IOCREO2511804,IOCREO2511805,IOCREO2511806,IOCREO2511807,IOCREO2511808,IOCREO2511809,IOCREO2511810,IOCREO2511811,IOCREO2511812,IOCREO2511813,IOCREO2511814,IOCREO2511815
IOCREO2511901,IOCREO2511902,IOCREO2511903,IOCREO2511904,IOCREO2511905,IOCREO2511906,IOCREO2511907,IOCREO2511908,IOCREO2511909,IOCREO2511910,IOCREO2511911,IOCREO2511912,IOCREO2511913,IOCREO2511914,IOCREO2511915
IOCREO2512001,IOCREO2512002,IOCREO2512003,IOCREO2512004,IOCREO2512005,IOCREO2512006,IOCREO2512007,IOCREO2512008,IOCREO2512009,IOCREO2512010,IOCREO2512011,IOCREO2512012,IOCREO2512013,IOCREO2512014,IOCREO2512015
IOCREO2512101,IOCREO2512102,IOCREO2512103,IOCREO2512104,IOCREO2512105,IOCREO2512106,IOCREO2512107,IOCREO2512108,IOCREO2512109,IOCREO2512110,IOCREO2512111,IOCREO2512112,IOCREO2512113,IOCREO2512114,IOCREO2512115
IOCREO2512201,IOCREO2512202,IOCREO2512203,IOCREO2512204,IOCREO2512205,IOCREO2512206,IOCREO2512207,IOCREO2512208,IOCREO2512209,IOCREO2512210,IOCREO2512211,IOCREO2512212,IOCREO2512213,IOCREO2512214,IOCREO2512215
IOCREO2512301,IOCREO2512302,IOCREO2512303,IOCREO2512304,IOCREO2512305,IOCREO2512306,IOCREO2512307,IOCREO2512308,IOCREO2512309,IOCREO2512310,IOCREO2512311,IOCREO2512312,IOCREO2512313,IOCREO2512314,IOCREO2512315
IOCREO2512401,IOCREO2512402,IOCREO2512403,IOCREO2512404,IOCREO2512405,IOCREO2512406,IOCREO2512407,IOCREO2512408,IOCREO2512409,IOCREO2512410,IOCREO2512411,IOCREO2512412,IOCREO2512413,IOCREO2512414,IOCREO2512415
IOCREO2512501,IOCREO2512502,IOCREO2512503,IOCREO2512504,IOCREO2512505,IOCREO2512506,IOCREO2512507,IOCREO2512508,IOCREO2512509,IOCREO2512510,IOCREO2512511,IOCREO2512512,IOCREO2512513,IOCREO2512514,IOCREO2512515
IOCREO2512601,IOCREO2512602,IOCREO2512603,IOCREO2512604,IOCREO2512605,IOCREO2512606,IOCREO2512607,IOCREO2512608,IOCREO2512609,IOCREO2512610,IOCREO2512611,IOCREO2512612,IOCREO2512613,IOCREO2512614,IOCREO2512615
IOCREO2512701,IOCREO2512702,IOCREO2512703,IOCREO2512704,IOCREO2512705,IOCREO2512706,IOCREO2512707,IOCREO2512708,IOCREO2512709,IOCREO2512710,IOCREO2512711,IOCREO2512712,IOCREO2512713,IOCREO2512714,IOCREO2512715
IOCREO2512801,IOCREO2512802,IOCREO2512803,IOCREO2512804,IOCREO2512805,IOCREO2512806,IOCREO2512807,IOCREO2512808,IOCREO2512809,IOCREO2512810,IOCREO2512811,IOCREO2512812,IOCREO2512813,IOCREO2512814,IOCREO2512815
IOCREO2512901,IOCREO2512902,IOCREO2512903,IOCREO2512904,IOCREO2512905,IOCREO2512906,IOCREO2512907,IOCREO2512908,IOCREO2512909,IOCREO2512910,IOCREO2512911,IOCREO2512912,IOCREO2512913,IOCREO2512914,IOCREO2512915
IOCREO2513001,IOCREO2513002,IOCREO2513003,IOCREO2513004,IOCREO2513005,IOCREO2513006,IOCREO2513007,IOCREO2513008,IOCREO2513009,IOCREO2513010,IOCREO2513011,IOCREO2513012,IOCREO2513013,IOCREO2513014,IOCREO2513015
IOCREO2513101,IOCREO2513102,IOCREO2513103,IOCREO2513104,IOCREO2513105,IOCREO2513106,IOCREO2513107,IOCREO2513108,IOCREO2513109,IOCREO2513110,IOCREO2513111,IOCREO2513112,IOCREO2513113,IOCREO2513114,IOCREO2513115
IOCREO2513201,IOCREO2513202,IOCREO2513203,IOCREO2513204,IOCREO2513205,IOCREO2513206,IOCREO2513207,IOCREO2513208,IOCREO2513209,IOCREO2513210,IOCREO2513211,IOCREO2513212,IOCREO2513213,IOCREO2513214,IOCREO2513215
IOCREO2513301,IOCREO2513302,IOCREO2513303,IOCREO2513304,IOCREO2513305,IOCREO2513306,IOCREO2513307,IOCREO2513308,IOCREO2513309,IOCREO2513310,IOCREO2513311,IOCREO2513312,IOCREO2513313,IOCREO2513314,IOCREO2513315
IOCREO2513401,IOCREO2513402,IOCREO2513403,IOCREO2513404,IOCREO2513405,IOCREO2513406,IOCREO2513407,IOCREO2513408,IOCREO2513409,IOCREO2513410,IOCREO2513411,IOCREO2513412,IOCREO2513413,IOCREO2513414,IOCREO2513415
IOCREO2513501,IOCREO2513502,IOCREO2513503,IOCREO2513504,IOCREO2513505,IOCREO2513506,IOCREO2513507,IOCREO2513508,IOCREO2513509,IOCREO2513510,IOCREO2513511,IOCREO2513512,IOCREO2513513,IOCREO2513514,IOCREO2513515
IOCREO2513601,IOCREO2513602,IOCREO2513603,IOCREO2513604,IOCREO2513605,IOCREO2513606,IOCREO2513607,IOCREO2513608,IOCREO2513609,IOCREO2513610,IOCREO2513611,IOCREO2513612,IOCREO2513613,IOCREO2513614,IOCREO2513615
IOCREO2513701,IOCREO2513702,IOCREO2513703,IOCREO2513704,IOCREO2513705,IOCREO2513706,IOCREO2513707,IOCREO2513708,IOCREO2513709,IOCREO2513710,IOCREO2513711,IOCREO2513712,IOCREO2513713,IOCREO2513714,IOCREO2513715
IOCREO2513801,IOCREO2513802,IOCREO2513803,IOCREO2513804,IOCREO2513805,IOCREO2513806,IOCREO2513807,IOCREO2513808,IOCREO2513809,IOCREO2513810,IOCREO2513811,IOCREO2513812,IOCREO2513813,IOCREO2513814,IOCREO2513815
IOCREO2513901,IOCREO2513902,IOCREO2513903,IOCREO2513904,IOCREO2513905,IOCREO2513906,IOCREO2513907,IOCREO2513908,IOCREO2513909,IOCREO2513910,IOCREO2513911,IOCREO2513912,IOCREO2513913,IOCREO2513914,IOCREO2513915
IOCREO2514001,IOCREO2514002,IOCREO2514003,IOCREO2514004,IOCREO2514005,IOCREO2514006,IOCREO2514007,IOCREO2514008,IOCREO2514009,IOCREO2514010,IOCREO2514011,IOCREO2514012,IOCREO2514013,IOCREO2514014,IOCREO2514015
IOCREO2514101,IOCREO2514102,IOCREO2514103,IOCREO2514104,IOCREO2514105,IOCREO2514106,IOCREO2514107,IOCREO2514108,IOCREO2514109,IOCREO2514110,IOCREO2514111,IOCREO2514112,IOCREO2514113,IOCREO2514114,IOCREO2514115
IOCREO2514201,IOCREO2514202,IOCREO2514203,IOCREO2514204,IOCREO2514205,IOCREO2514206,IOCREO2514207,IOCREO2514208,IOCREO2514209,IOCREO2514210,IOCREO2514211,IOCREO2514212,IOCREO2514213,IOCREO2514214,IOCREO2514215
IOCREO2514301,IOCREO2514302,IOCREO2514303,IOCREO2514304,IOCREO2514305,IOCREO2514306,IOCREO2514307,IOCREO2514308,IOCREO2514309,IOCREO2514310,IOCREO2514311,IOCREO2514312,IOCREO2514313,IOCREO2514314,IOCREO2514315
IOCREO2514401,IOCREO2514402,IOCREO2514403,IOCREO2514404,IOCREO2514405,IOCREO2514406,IOCREO2514407,IOCREO2514408,IOCREO2514409,IOCREO2514410,IOCREO2514411,IOCREO2514412,IOCREO2514413,IOCREO2514414,IOCREO2514415
IOCREO2514501,IOCREO2514502,IOCREO2514503,IOCREO2514504,IOCREO2514505,IOCREO2514506,IOCREO2514507,IOCREO2514508,IOCREO2514509,IOCREO2514510,IOCREO2514511,IOCREO2514512,IOCREO2514513,IOCREO2514514,IOCREO2514515
IOCREO2514601,IOCREO2514602,IOCREO2514603,IOCREO2514604,IOCREO2514605,IOCREO2514606,IOCREO2514607,IOCREO2514608,IOCREO2514609,IOCREO2514610,IOCREO2514611,IOCREO2514612,IOCREO2514613,IOCREO2514614,IOCREO2514615
IOCREO2514701,IOCREO2514702,IOCREO2514703,IOCREO2514704,IOCREO2514705,IOCREO2514706,IOCREO2514707,IOCREO2514708,IOCREO2514709,IOCREO2514710,IOCREO2514711,IOCREO2514712,IOCREO2514713,IOCREO2514714,IOCREO2514715
IOCREO2514801,IOCREO2514802,IOCREO2514803,IOCREO2514804,IOCREO2514805,IOCREO2514806,IOCREO2514807,IOCREO2514808,IOCREO2514809,IOCREO2514810,IOCREO2514811,IOCREO2514812,IOCREO2514813,IOCREO2514814,IOCREO2514815
IOCREO2514901,IOCREO2514902,IOCREO2514903,IOCREO2514904,IOCREO2514905,IOCREO2514906,IOCREO2514907,IOCREO2514908,IOCREO2514909,IOCREO2514910,IOCREO2514911,IOCREO2514912,IOCREO2514913,IOCREO2514914,IOCREO2514915
IOCREO2515001,IOCREO2515002,IOCREO2515003,IOCREO2515004,IOCREO2515005,IOCREO2515006,IOCREO2515007,IOCREO2515008,IOCREO2515009,IOCREO2515010,IOCREO2515011,IOCREO2515012,IOCREO2515013,IOCREO2515014,IOCREO2515015
IOCREO2515101,IOCREO2515102,IOCREO2515103,IOCREO2515104,IOCREO2515105,IOCREO2515106,IOCREO2515107,IOCREO2515108,IOCREO2515109,IOCREO2515110,IOCREO2515111,IOCREO2515112,IOCREO2515113,IOCREO2515114,IOCREO2515115
IOCREO2515201,IOCREO2515202,IOCREO2515203,IOCREO2515204,IOCREO2515205,IOCREO2515206,IOCREO2515207,IOCREO2515208,IOCREO2515209,IOCREO2515210,IOCREO2515211,IOCREO2515212,IOCREO2515213,IOCREO2515214,IOCREO2515215
IOCREO2515301,IOCREO2515302,IOCREO2515303,IOCREO2515304,IOCREO2515305,IOCREO2515306,IOCREO2515307,IOCREO2515308,IOCREO2515309,IOCREO2515310,IOCREO2515311,IOCREO2515312,IOCREO2515313,IOCREO2515314,IOCREO2515315
IOCREO2515401,IOCREO2515402,IOCREO2515403,IOCREO2515404,IOCREO2515405,IOCREO2515406,IOCREO2515407,IOCREO2515408,IOCREO2515409,IOCREO2515410,IOCREO2515411,IOCREO2515412,IOCREO2515413,IOCREO2515414,IOCREO2515415
IOCREO2515501,IOCREO2515502,IOCREO2515503,IOCREO2515504,IOCREO2515505,IOCREO2515506,IOCREO2515507,IOCREO2515508,IOCREO2515509,IOCREO2515510,IOCREO2515511,IOCREO2515512,IOCREO2515513,IOCREO2515514,IOCREO2515515
IOCREO2515601,IOCREO2515602,IOCREO2515603,IOCREO2515604,IOCREO2515605,IOCREO2515606,IOCREO2515607,IOCREO2515608,IOCREO2515609,IOCREO2515610,IOCREO2515611,IOCREO2515612,IOCREO2515613,IOCREO2515614,IOCREO2515615
IOCREO2515701,IOCREO2515702,IOCREO2515703,IOCREO2515704,IOCREO2515705,IOCREO2515706,IOCREO2515707,IOCREO2515708,IOCREO2515709,IOCREO2515710,IOCREO2515711,IOCREO2515712,IOCREO2515713,IOCREO2515714,IOCREO2515715
IOCREO2515801,IOCREO2515802,IOCREO2515803,IOCREO2515804,IOCREO2515805,IOCREO2515806,IOCREO2515807,IOCREO2515808,IOCREO2515809,IOCREO2515810,IOCREO2515811,IOCREO2515812,IOCREO2515813,IOCREO2515814,IOCREO2515815
IOCREO2515901,IOCREO2515902,IOCREO2515903,IOCREO2515904,IOCREO2515905,IOCREO2515906,IOCREO2515907,IOCREO2515908,IOCREO2515909,IOCREO2515910,IOCREO2515911,IOCREO2515912,IOCREO2515913,IOCREO2515914,IOCREO2515915
IOCREO2516001,IOCREO2516002,IOCREO2516003,IOCREO2516004,IOCREO2516005,IOCREO2516006,IOCREO2516007,IOCREO2516008,IOCREO2516009,IOCREO2516010,IOCREO2516011,IOCREO2516012,IOCREO2516013,IOCREO2516014,IOCREO2516015
IOCREO2516101,IOCREO2516102,IOCREO2516103,IOCREO2516104,IOCREO2516105,IOCREO2516106,IOCREO2516107,IOCREO2516108,IOCREO2516109,IOCREO2516110,IOCREO2516111,IOCREO2516112,IOCREO2516113,IOCREO2516114,IOCREO2516115
IOCREO2516201,IOCREO2516202,IOCREO2516203,IOCREO2516204,IOCREO2516205,IOCREO2516206,IOCREO2516207,IOCREO2516208,IOCREO2516209,IOCREO2516210,IOCREO2516211,IOCREO2516212,IOCREO2516213,IOCREO2516214,IOCREO2516215
IOCREO2516301,IOCREO2516302,IOCREO2516303,IOCREO2516304,IOCREO2516305,IOCREO2516306,IOCREO2516307,IOCREO2516308,IOCREO2516309,IOCREO2516310,IOCREO2516311,IOCREO2516312,IOCREO2516313,IOCREO2516314,IOCREO2516315
IOCREO2516401,IOCREO2516402,IOCREO2516403,IOCREO2516404,IOCREO2516405,IOCREO2516406,IOCREO2516407,IOCREO2516408,IOCREO2516409,IOCREO2516410,IOCREO2516411,IOCREO2516412,IOCREO2516413,IOCREO2516414,IOCREO2516415
IOCREO2516501,IOCREO2516502,IOCREO2516503,IOCREO2516504,IOCREO2516505,IOCREO2516506,IOCREO2516507,IOCREO2516508,IOCREO2516509,IOCREO2516510,IOCREO2516511,IOCREO2516512,IOCREO2516513,IOCREO2516514,IOCREO2516515
IOCREO2516601,IOCREO2516602,IOCREO2516603,IOCREO2516604,IOCREO2516605,IOCREO2516606,IOCREO2516607,IOCREO2516608,IOCREO2516609,IOCREO2516610,IOCREO2516611,IOCREO2516612,IOCREO2516613,IOCREO2516614,IOCREO2516615
IOCREO2516701,IOCREO2516702,IOCREO2516703,IOCREO2516704,IOCREO2516705,IOCREO2516706,IOCREO2516707,IOCREO2516708,IOCREO2516709,IOCREO2516710,IOCREO2516711,IOCREO2516712,IOCREO2516713,IOCREO2516714,IOCREO2516715
IOCREO2516801,IOCREO2516802,IOCREO2516803,IOCREO2516804,IOCREO2516805,IOCREO2516806,IOCREO2516807,IOCREO2516808,IOCREO2516809,IOCREO2516810,IOCREO2516811,IOCREO2516812,IOCREO2516813,IOCREO2516814,IOCREO2516815
IOCREO2516901,IOCREO2516902,IOCREO2516903,IOCREO2516904,IOCREO2516905,IOCREO2516906,IOCREO2516907,IOCREO2516908,IOCREO2516909,IOCREO2516910,IOCREO2516911,IOCREO2516912,IOCREO2516913,IOCREO2516914,IOCREO2516915
IOCREO2517001,IOCREO2517002,IOCREO2517003,IOCREO2517004,IOCREO2517005,IOCREO2517006,IOCREO2517007,IOCREO2517008,IOCREO2517009,IOCREO2517010,IOCREO2517011,IOCREO2517012,IOCREO2517013,IOCREO2517014,IOCREO2517015
IOCREO2517101,IOCREO2517102,IOCREO2517103,IOCREO2517104,IOCREO2517105,IOCREO2517106,IOCREO2517107,IOCREO2517108,IOCREO2517109,IOCREO2517110,IOCREO2517111,IOCREO2517112,IOCREO2517113,IOCREO2517114,IOCREO2517115
IOCREO2517201,IOCREO2517202,IOCREO2517203,IOCREO2517204,IOCREO2517205,IOCREO2517206,IOCREO2517207,IOCREO2517208,IOCREO2517209,IOCREO2517210,IOCREO2517211,IOCREO2517212,IOCREO2517213,IOCREO2517214,IOCREO2517215
IOCREO2517301,IOCREO2517302,IOCREO2517303,IOCREO2517304,IOCREO2517305,IOCREO2517306,IOCREO2517307,IOCREO2517308,IOCREO2517309,IOCREO2517310,IOCREO2517311,IOCREO2517312,IOCREO2517313,IOCREO2517314,IOCREO2517315
IOCREO2517401,IOCREO2517402,IOCREO2517403,IOCREO2517404,IOCREO2517405,IOCREO2517406,IOCREO2517407,IOCREO2517408,IOCREO2517409,IOCREO2517410,IOCREO2517411,IOCREO2517412,IOCREO2517413,IOCREO2517414,IOCREO2517415
IOCREO2517501,IOCREO2517502,IOCREO2517503,IOCREO2517504,IOCREO2517505,IOCREO2517506,IOCREO2517507,IOCREO2517508,IOCREO2517509,IOCREO2517510,IOCREO2517511,IOCREO2517512,IOCREO2517513,IOCREO2517514,IOCREO2517515
IOCREO2517601,IOCREO2517602,IOCREO2517603,IOCREO2517604,IOCREO2517605,IOCREO2517606,IOCREO2517607,IOCREO2517608,IOCREO2517609,IOCREO2517610,IOCREO2517611,IOCREO2517612,IOCREO2517613,IOCREO2517614,IOCREO2517615
IOCREO2517701,IOCREO2517702,IOCREO2517703,IOCREO2517704,IOCREO2517705,IOCREO2517706,IOCREO2517707,IOCREO2517708,IOCREO2517709,IOCREO2517710,IOCREO2517711,IOCREO2517712,IOCREO2517713,IOCREO2517714,IOCREO2517715
IOCREO2517801,IOCREO2517802,IOCREO2517803,IOCREO2517804,IOCREO2517805,IOCREO2517806,IOCREO2517807,IOCREO2517808,IOCREO2517809,IOCREO2517810,IOCREO2517811,IOCREO2517812,IOCREO2517813,IOCREO2517814,IOCREO2517815
IOCREO2517901,IOCREO2517902,IOCREO2517903,IOCREO2517904,IOCREO2517905,IOCREO2517906,IOCREO2517907,IOCREO2517908,IOCREO2517909,IOCREO2517910,IOCREO2517911,IOCREO2517912,IOCREO2517913,IOCREO2517914,IOCREO2517915
IOCREO2518001,IOCREO2518002,IOCREO2518003,IOCREO2518004,IOCREO2518005,IOCREO2518006,IOCREO2518007,IOCREO2518008,IOCREO2518009,IOCREO2518010,IOCREO2518011,IOCREO2518012,IOCREO2518013,IOCREO2518014,IOCREO2518015
IOCREO2518101,IOCREO2518102,IOCREO2518103,IOCREO2518104,IOCREO2518105,IOCREO2518106,IOCREO2518107,IOCREO2518108,IOCREO2518109,IOCREO2518110,IOCREO2518111,IOCREO2518112,IOCREO2518113,IOCREO2518114,IOCREO2518115
IOCREO2518201,IOCREO2518202,IOCREO2518203,IOCREO2518204,IOCREO2518205,IOCREO2518206,IOCREO2518207,IOCREO2518208,IOCREO2518209,IOCREO2518210,IOCREO2518211,IOCREO2518212,IOCREO2518213,IOCREO2518214,IOCREO2518215
IOCREO2518301,IOCREO2518302,IOCREO2518303,IOCREO2518304,IOCREO2518305,IOCREO2518306,IOCREO2518307,IOCREO2518308,IOCREO2518309,IOCREO2518310,IOCREO2518311,IOCREO2518312,IOCREO2518313,IOCREO2518314,IOCREO2518315
IOCREO2518401,IOCREO2518402,IOCREO2518403,IOCREO2518404,IOCREO2518405,IOCREO2518406,IOCREO2518407,IOCREO2518408,IOCREO2518409,IOCREO2518410,IOCREO2518411,IOCREO2518412,IOCREO2518413,IOCREO2518414,IOCREO2518415
IOCREO2518501,IOCREO2518502,IOCREO2518503,IOCREO2518504,IOCREO2518505,IOCREO2518506,IOCREO2518507,IOCREO2518508,IOCREO2518509,IOCREO2518510,IOCREO2518511,IOCREO2518512,IOCREO2518513,IOCREO2518514,IOCREO2518515
IOCREO2518601,IOCREO2518602,IOCREO2518603,IOCREO2518604,IOCREO2518605,IOCREO2518606,IOCREO2518607,IOCREO2518608,IOCREO2518609,IOCREO2518610,IOCREO2518611,IOCREO2518612,IOCREO2518613,IOCREO2518614,IOCREO2518615
IOCREO2518701,IOCREO2518702,IOCREO2518703,IOCREO2518704,IOCREO2518705,IOCREO2518706,IOCREO2518707,IOCREO2518708,IOCREO2518709,IOCREO2518710,IOCREO2518711,IOCREO2518712,IOCREO2518713,IOCREO2518714,IOCREO2518715
IOCREO2518801,IOCREO2518802,IOCREO2518803,IOCREO2518804,IOCREO2518805,IOCREO2518806,IOCREO2518807,IOCREO2518808,IOCREO2518809,IOCREO2518810,IOCREO2518811,IOCREO2518812,IOCREO2518813,IOCREO2518814,IOCREO2518815
IOCREO2518901,IOCREO2518902,IOCREO2518903,IOCREO2518904,IOCREO2518905,IOCREO2518906,IOCREO2518907,IOCREO2518908,IOCREO2518909,IOCREO2518910,IOCREO2518911,IOCREO2518912,IOCREO2518913,IOCREO2518914,IOCREO2518915
IOCREO2519001,IOCREO2519002,IOCREO2519003,IOCREO2519004,IOCREO2519005,IOCREO2519006,IOCREO2519007,IOCREO2519008,IOCREO2519009,IOCREO2519010,IOCREO2519011,IOCREO2519012,IOCREO2519013,IOCREO2519014,IOCREO2519015
IOCREO2519101,IOCREO2519102,IOCREO2519103,IOCREO2519104,IOCREO2519105,IOCREO2519106,IOCREO2519107,IOCREO2519108,IOCREO2519109,IOCREO2519110,IOCREO2519111,IOCREO2519112,IOCREO2519113,IOCREO2519114,IOCREO2519115
IOCREO2519201,IOCREO2519202,IOCREO2519203,IOCREO2519204,IOCREO2519205,IOCREO2519206,IOCREO2519207,IOCREO2519208,IOCREO2519209,IOCREO2519210,IOCREO2519211,IOCREO2519212,IOCREO2519213,IOCREO2519214,IOCREO2519215
IOCREO2519301,IOCREO2519302,IOCREO2519303,IOCREO2519304,IOCREO2519305,IOCREO2519306,IOCREO2519307,IOCREO2519308,IOCREO2519309,IOCREO2519310,IOCREO2519311,IOCREO2519312,IOCREO2519313,IOCREO2519314,IOCREO2519315
IOCREO2519401,IOCREO2519402,IOCREO2519403,IOCREO2519404,IOCREO2519405,IOCREO2519406,IOCREO2519407,IOCREO2519408,IOCREO2519409,IOCREO2519410,IOCREO2519411,IOCREO2519412,IOCREO2519413,IOCREO2519414,IOCREO2519415
IOCREO2519501,IOCREO2519502,IOCREO2519503,IOCREO2519504,IOCREO2519505,IOCREO2519506,IOCREO2519507,IOCREO2519508,IOCREO2519509,IOCREO2519510,IOCREO2519511,IOCREO2519512,IOCREO2519513,IOCREO2519514,IOCREO2519515
IOCREO2519601,IOCREO2519602,IOCREO2519603,IOCREO2519604,IOCREO2519605,IOCREO2519606,IOCREO2519607,IOCREO2519608,IOCREO2519609,IOCREO2519610,IOCREO2519611,IOCREO2519612,IOCREO2519613,IOCREO2519614,IOCREO2519615
IOCREO2519701,IOCREO2519702,IOCREO2519703,IOCREO2519704,IOCREO2519705,IOCREO2519706,IOCREO2519707,IOCREO2519708,IOCREO2519709,IOCREO2519710,IOCREO2519711,IOCREO2519712,IOCREO2519713,IOCREO2519714,IOCREO2519715
IOCREO2519801,IOCREO2519802,IOCREO2519803,IOCREO2519804,IOCREO2519805,IOCREO2519806,IOCREO2519807,IOCREO2519808,IOCREO2519809,IOCREO2519810,IOCREO2519811,IOCREO2519812,IOCREO2519813,IOCREO2519814,IOCREO2519815
IOCREO2519901,IOCREO2519902,IOCREO2519903,IOCREO2519904,IOCREO2519905,IOCREO2519906,IOCREO2519907,IOCREO2519908,IOCREO2519909,IOCREO2519910,IOCREO2519911,IOCREO2519912,IOCREO2519913,IOCREO2519914,IOCREO2519915
IOCREO2521,IOCREO2522,IOCREO2523,IOCREO2524,IOCREO2525,IOCREO2526,IOCREO2527,IOCREO2528,IOCREO2529,IOCREO2520010,IOCREO2520011,IOCREO2520012,IOCREO2520013,IOCREO2520014,IOCREO2520015
IOCREO2520101,IOCREO2520102,IOCREO2520103,IOCREO2520104,IOCREO2520105,IOCREO2520106,IOCREO2520107,IOCREO2520108,IOCREO2520109,IOCREO2520110,IOCREO2520111,IOCREO2520112,IOCREO2520113,IOCREO2520114,IOCREO2520115
IOCREO2520201,IOCREO2520202,IOCREO2520203,IOCREO2520204,IOCREO2520205,IOCREO2520206,IOCREO2520207,IOCREO2520208,IOCREO2520209,IOCREO2520210,IOCREO2520211,IOCREO2520212,IOCREO2520213,IOCREO2520214,IOCREO2520215
IOCREO2520301,IOCREO2520302,IOCREO2520303,IOCREO2520304,IOCREO2520305,IOCREO2520306,IOCREO2520307,IOCREO2520308,IOCREO2520309,IOCREO2520310,IOCREO2520311,IOCREO2520312,IOCREO2520313,IOCREO2520314,IOCREO2520315
IOCREO2520401,IOCREO2520402,IOCREO2520403,IOCREO2520404,IOCREO2520405,IOCREO2520406,IOCREO2520407,IOCREO2520408,IOCREO2520409,IOCREO2520410,IOCREO2520411,IOCREO2520412,IOCREO2520413,IOCREO2520414,IOCREO2520415
IOCREO2520501,IOCREO2520502,IOCREO2520503,IOCREO2520504,IOCREO2520505,IOCREO2520506,IOCREO2520507,IOCREO2520508,IOCREO2520509,IOCREO2520510,IOCREO2520511,IOCREO2520512,IOCREO2520513,IOCREO2520514,IOCREO2520515
IOCREO2520601,IOCREO2520602,IOCREO2520603,IOCREO2520604,IOCREO2520605,IOCREO2520606,IOCREO2520607,IOCREO2520608,IOCREO2520609,IOCREO2520610,IOCREO2520611,IOCREO2520612,IOCREO2520613,IOCREO2520614,IOCREO2520615
IOCREO2520701,IOCREO2520702,IOCREO2520703,IOCREO2520704,IOCREO2520705,IOCREO2520706,IOCREO2520707,IOCREO2520708,IOCREO2520709,IOCREO2520710,IOCREO2520711,IOCREO2520712,IOCREO2520713,IOCREO2520714,IOCREO2520715
IOCREO2520801,IOCREO2520802,IOCREO2520803,IOCREO2520804,IOCREO2520805,IOCREO2520806,IOCREO2520807,IOCREO2520808,IOCREO2520809,IOCREO2520810,IOCREO2520811,IOCREO2520812,IOCREO2520813,IOCREO2520814,IOCREO2520815
IOCREO2520901,IOCREO2520902,IOCREO2520903,IOCREO2520904,IOCREO2520905,IOCREO2520906,IOCREO2520907,IOCREO2520908,IOCREO2520909,IOCREO2520910,IOCREO2520911,IOCREO2520912,IOCREO2520913,IOCREO2520914,IOCREO2520915
IOCREO2521001,IOCREO2521002,IOCREO2521003,IOCREO2521004,IOCREO2521005,IOCREO2521006,IOCREO2521007,IOCREO2521008,IOCREO2521009,IOCREO2521010,IOCREO2521011,IOCREO2521012,IOCREO2521013,IOCREO2521014,IOCREO2521015
IOCREO2521101,IOCREO2521102,IOCREO2521103,IOCREO2521104,IOCREO2521105,IOCREO2521106,IOCREO2521107,IOCREO2521108,IOCREO2521109,IOCREO2521110,IOCREO2521111,IOCREO2521112,IOCREO2521113,IOCREO2521114,IOCREO2521115
IOCREO2521201,IOCREO2521202,IOCREO2521203,IOCREO2521204,IOCREO2521205,IOCREO2521206,IOCREO2521207,IOCREO2521208,IOCREO2521209,IOCREO2521210,IOCREO2521211,IOCREO2521212,IOCREO2521213,IOCREO2521214,IOCREO2521215
IOCREO2521301,IOCREO2521302,IOCREO2521303,IOCREO2521304,IOCREO2521305,IOCREO2521306,IOCREO2521307,IOCREO2521308,IOCREO2521309,IOCREO2521310,IOCREO2521311,IOCREO2521312,IOCREO2521313,IOCREO2521314,IOCREO2521315
IOCREO2521401,IOCREO2521402,IOCREO2521403,IOCREO2521404,IOCREO2521405,IOCREO2521406,IOCREO2521407,IOCREO2521408,IOCREO2521409,IOCREO2521410,IOCREO2521411,IOCREO2521412,IOCREO2521413,IOCREO2521414,IOCREO2521415
IOCREO2521501,IOCREO2521502,IOCREO2521503,IOCREO2521504,IOCREO2521505,IOCREO2521506,IOCREO2521507,IOCREO2521508,IOCREO2521509,IOCREO2521510,IOCREO2521511,IOCREO2521512,IOCREO2521513,IOCREO2521514,IOCREO2521515
IOCREO2521601,IOCREO2521602,IOCREO2521603,IOCREO2521604,IOCREO2521605,IOCREO2521606,IOCREO2521607,IOCREO2521608,IOCREO2521609,IOCREO2521610,IOCREO2521611,IOCREO2521612,IOCREO2521613,IOCREO2521614,IOCREO2521615
IOCREO2521701,IOCREO2521702,IOCREO2521703,IOCREO2521704,IOCREO2521705,IOCREO2521706,IOCREO2521707,IOCREO2521708,IOCREO2521709,IOCREO2521710,IOCREO2521711,IOCREO2521712,IOCREO2521713,IOCREO2521714,IOCREO2521715
IOCREO2521801,IOCREO2521802,IOCREO2521803,IOCREO2521804,IOCREO2521805,IOCREO2521806,IOCREO2521807,IOCREO2521808,IOCREO2521809,IOCREO2521810,IOCREO2521811,IOCREO2521812,IOCREO2521813,IOCREO2521814,IOCREO2521815
IOCREO2521901,IOCREO2521902,IOCREO2521903,IOCREO2521904,IOCREO2521905,IOCREO2521906,IOCREO2521907,IOCREO2521908,IOCREO2521909,IOCREO2521910,IOCREO2521911,IOCREO2521912,IOCREO2521913,IOCREO2521914,IOCREO2521915
IOCREO2522001,IOCREO2522002,IOCREO2522003,IOCREO2522004,IOCREO2522005,IOCREO2522006,IOCREO2522007,IOCREO2522008,IOCREO2522009,IOCREO2522010,IOCREO2522011,IOCREO2522012,IOCREO2522013,IOCREO2522014,IOCREO2522015
IOCREO2522101,IOCREO2522102,IOCREO2522103,IOCREO2522104,IOCREO2522105,IOCREO2522106,IOCREO2522107,IOCREO2522108,IOCREO2522109,IOCREO2522110,IOCREO2522111,IOCREO2522112,IOCREO2522113,IOCREO2522114,IOCREO2522115
IOCREO2522201,IOCREO2522202,IOCREO2522203,IOCREO2522204,IOCREO2522205,IOCREO2522206,IOCREO2522207,IOCREO2522208,IOCREO2522209,IOCREO2522210,IOCREO2522211,IOCREO2522212,IOCREO2522213,IOCREO2522214,IOCREO2522215
IOCREO2522301,IOCREO2522302,IOCREO2522303,IOCREO2522304,IOCREO2522305,IOCREO2522306,IOCREO2522307,IOCREO2522308,IOCREO2522309,IOCREO2522310,IOCREO2522311,IOCREO2522312,IOCREO2522313,IOCREO2522314,IOCREO2522315
IOCREO2522401,IOCREO2522402,IOCREO2522403,IOCREO2522404,IOCREO2522405,IOCREO2522406,IOCREO2522407,IOCREO2522408,IOCREO2522409,IOCREO2522410,IOCREO2522411,IOCREO2522412,IOCREO2522413,IOCREO2522414,IOCREO2522415
IOCREO2522501,IOCREO2522502,IOCREO2522503,IOCREO2522504,IOCREO2522505,IOCREO2522506,IOCREO2522507,IOCREO2522508,IOCREO2522509,IOCREO2522510,IOCREO2522511,IOCREO2522512,IOCREO2522513,IOCREO2522514,IOCREO2522515
IOCREO2522601,IOCREO2522602,IOCREO2522603,IOCREO2522604,IOCREO2522605,IOCREO2522606,IOCREO2522607,IOCREO2522608,IOCREO2522609,IOCREO2522610,IOCREO2522611,IOCREO2522612,IOCREO2522613,IOCREO2522614,IOCREO2522615
IOCREO2522701,IOCREO2522702,IOCREO2522703,IOCREO2522704,IOCREO2522705,IOCREO2522706,IOCREO2522707,IOCREO2522708,IOCREO2522709,IOCREO2522710,IOCREO2522711,IOCREO2522712,IOCREO2522713,IOCREO2522714,IOCREO2522715
IOCREO2522801,IOCREO2522802,IOCREO2522803,IOCREO2522804,IOCREO2522805,IOCREO2522806,IOCREO2522807,IOCREO2522808,IOCREO2522809,IOCREO2522810,IOCREO2522811,IOCREO2522812,IOCREO2522813,IOCREO2522814,IOCREO2522815
IOCREO2522901,IOCREO2522902,IOCREO2522903,IOCREO2522904,IOCREO2522905,IOCREO2522906,IOCREO2522907,IOCREO2522908,IOCREO2522909,IOCREO2522910,IOCREO2522911,IOCREO2522912,IOCREO2522913,IOCREO2522914,IOCREO2522915
IOCREO2523001,IOCREO2523002,IOCREO2523003,IOCREO2523004,IOCREO2523005,IOCREO2523006,IOCREO2523007,IOCREO2523008,IOCREO2523009,IOCREO2523010,IOCREO2523011,IOCREO2523012,IOCREO2523013,IOCREO2523014,IOCREO2523015
IOCREO2523101,IOCREO2523102,IOCREO2523103,IOCREO2523104,IOCREO2523105,IOCREO2523106,IOCREO2523107,IOCREO2523108,IOCREO2523109,IOCREO2523110,IOCREO2523111,IOCREO2523112,IOCREO2523113,IOCREO2523114,IOCREO2523115
IOCREO2523201,IOCREO2523202,IOCREO2523203,IOCREO2523204,IOCREO2523205,IOCREO2523206,IOCREO2523207,IOCREO2523208,IOCREO2523209,IOCREO2523210,IOCREO2523211,IOCREO2523212,IOCREO2523213,IOCREO2523214,IOCREO2523215
IOCREO2523301,IOCREO2523302,IOCREO2523303,IOCREO2523304,IOCREO2523305,IOCREO2523306,IOCREO2523307,IOCREO2523308,IOCREO2523309,IOCREO2523310,IOCREO2523311,IOCREO2523312,IOCREO2523313,IOCREO2523314,IOCREO2523315
IOCREO2523401,IOCREO2523402,IOCREO2523403,IOCREO2523404,IOCREO2523405,IOCREO2523406,IOCREO2523407,IOCREO2523408,IOCREO2523409,IOCREO2523410,IOCREO2523411,IOCREO2523412,IOCREO2523413,IOCREO2523414,IOCREO2523415
IOCREO2523501,IOCREO2523502,IOCREO2523503,IOCREO2523504,IOCREO2523505,IOCREO2523506,IOCREO2523507,IOCREO2523508,IOCREO2523509,IOCREO2523510,IOCREO2523511,IOCREO2523512,IOCREO2523513,IOCREO2523514,IOCREO2523515
IOCREO2523601,IOCREO2523602,IOCREO2523603,IOCREO2523604,IOCREO2523605,IOCREO2523606,IOCREO2523607,IOCREO2523608,IOCREO2523609,IOCREO2523610,IOCREO2523611,IOCREO2523612,IOCREO2523613,IOCREO2523614,IOCREO2523615
IOCREO2523701,IOCREO2523702,IOCREO2523703,IOCREO2523704,IOCREO2523705,IOCREO2523706,IOCREO2523707,IOCREO2523708,IOCREO2523709,IOCREO2523710,IOCREO2523711,IOCREO2523712,IOCREO2523713,IOCREO2523714,IOCREO2523715
IOCREO2523801,IOCREO2523802,IOCREO2523803,IOCREO2523804,IOCREO2523805,IOCREO2523806,IOCREO2523807,IOCREO2523808,IOCREO2523809,IOCREO2523810,IOCREO2523811,IOCREO2523812,IOCREO2523813,IOCREO2523814,IOCREO2523815
IOCREO2523901,IOCREO2523902,IOCREO2523903,IOCREO2523904,IOCREO2523905,IOCREO2523906,IOCREO2523907,IOCREO2523908,IOCREO2523909,IOCREO2523910,IOCREO2523911,IOCREO2523912,IOCREO2523913,IOCREO2523914,IOCREO2523915
IOCREO2524001,IOCREO2524002,IOCREO2524003,IOCREO2524004,IOCREO2524005,IOCREO2524006,IOCREO2524007,IOCREO2524008,IOCREO2524009,IOCREO2524010,IOCREO2524011,IOCREO2524012,IOCREO2524013,IOCREO2524014,IOCREO2524015
IOCREO2524101,IOCREO2524102,IOCREO2524103,IOCREO2524104,IOCREO2524105,IOCREO2524106,IOCREO2524107,IOCREO2524108,IOCREO2524109,IOCREO2524110,IOCREO2524111,IOCREO2524112,IOCREO2524113,IOCREO2524114,IOCREO2524115
IOCREO2524201,IOCREO2524202,IOCREO2524203,IOCREO2524204,IOCREO2524205,IOCREO2524206,IOCREO2524207,IOCREO2524208,IOCREO2524209,IOCREO2524210,IOCREO2524211,IOCREO2524212,IOCREO2524213,IOCREO2524214,IOCREO2524215
IOCREO2524301,IOCREO2524302,IOCREO2524303,IOCREO2524304,IOCREO2524305,IOCREO2524306,IOCREO2524307,IOCREO2524308,IOCREO2524309,IOCREO2524310,IOCREO2524311,IOCREO2524312,IOCREO2524313,IOCREO2524314,IOCREO2524315
IOCREO2524401,IOCREO2524402,IOCREO2524403,IOCREO2524404,IOCREO2524405,IOCREO2524406,IOCREO2524407,IOCREO2524408,IOCREO2524409,IOCREO2524410,IOCREO2524411,IOCREO2524412,IOCREO2524413,IOCREO2524414,IOCREO2524415
IOCREO2524501,IOCREO2524502,IOCREO2524503,IOCREO2524504,IOCREO2524505,IOCREO2524506,IOCREO2524507,IOCREO2524508,IOCREO2524509,IOCREO2524510,IOCREO2524511,IOCREO2524512,IOCREO2524513,IOCREO2524514,IOCREO2524515
IOCREO2524601,IOCREO2524602,IOCREO2524603,IOCREO2524604,IOCREO2524605,IOCREO2524606,IOCREO2524607,IOCREO2524608,IOCREO2524609,IOCREO2524610,IOCREO2524611,IOCREO2524612,IOCREO2524613,IOCREO2524614,IOCREO2524615
IOCREO2524701,IOCREO2524702,IOCREO2524703,IOCREO2524704,IOCREO2524705,IOCREO2524706,IOCREO2524707,IOCREO2524708,IOCREO2524709,IOCREO2524710,IOCREO2524711,IOCREO2524712,IOCREO2524713,IOCREO2524714,IOCREO2524715
IOCREO2524801,IOCREO2524802,IOCREO2524803,IOCREO2524804,IOCREO2524805,IOCREO2524806,IOCREO2524807,IOCREO2524808,IOCREO2524809,IOCREO2524810,IOCREO2524811,IOCREO2524812,IOCREO2524813,IOCREO2524814,IOCREO2524815
IOCREO2524901,IOCREO2524902,IOCREO2524903,IOCREO2524904,IOCREO2524905,IOCREO2524906,IOCREO2524907,IOCREO2524908,IOCREO2524909,IOCREO2524910,IOCREO2524911,IOCREO2524912,IOCREO2524913,IOCREO2524914,IOCREO2524915
IOCREO2525001,IOCREO2525002,IOCREO2525003,IOCREO2525004,IOCREO2525005,IOCREO2525006,IOCREO2525007,IOCREO2525008,IOCREO2525009,IOCREO2525010,IOCREO2525011,IOCREO2525012,IOCREO2525013,IOCREO2525014,IOCREO2525015
IOCREO2525101,IOCREO2525102,IOCREO2525103,IOCREO2525104,IOCREO2525105,IOCREO2525106,IOCREO2525107,IOCREO2525108,IOCREO2525109,IOCREO2525110,IOCREO2525111,IOCREO2525112,IOCREO2525113,IOCREO2525114,IOCREO2525115
IOCREO2525201,IOCREO2525202,IOCREO2525203,IOCREO2525204,IOCREO2525205,IOCREO2525206,IOCREO2525207,IOCREO2525208,IOCREO2525209,IOCREO2525210,IOCREO2525211,IOCREO2525212,IOCREO2525213,IOCREO2525214,IOCREO2525215
IOCREO2525301,IOCREO2525302,IOCREO2525303,IOCREO2525304,IOCREO2525305,IOCREO2525306,IOCREO2525307,IOCREO2525308,IOCREO2525309,IOCREO2525310,IOCREO2525311,IOCREO2525312,IOCREO2525313,IOCREO2525314,IOCREO2525315
IOCREO2525401,IOCREO2525402,IOCREO2525403,IOCREO2525404,IOCREO2525405,IOCREO2525406,IOCREO2525407,IOCREO2525408,IOCREO2525409,IOCREO2525410,IOCREO2525411,IOCREO2525412,IOCREO2525413,IOCREO2525414,IOCREO2525415
IOCREO2525501,IOCREO2525502,IOCREO2525503,IOCREO2525504,IOCREO2525505,IOCREO2525506,IOCREO2525507,IOCREO2525508,IOCREO2525509,IOCREO2525510,IOCREO2525511,IOCREO2525512,IOCREO2525513,IOCREO2525514,IOCREO2525515
IOCREO2525601,IOCREO2525602,IOCREO2525603,IOCREO2525604,IOCREO2525605,IOCREO2525606,IOCREO2525607,IOCREO2525608,IOCREO2525609,IOCREO2525610,IOCREO2525611,IOCREO2525612,IOCREO2525613,IOCREO2525614,IOCREO2525615
IOCREO2525701,IOCREO2525702,IOCREO2525703,IOCREO2525704,IOCREO2525705,IOCREO2525706,IOCREO2525707,IOCREO2525708,IOCREO2525709,IOCREO2525710,IOCREO2525711,IOCREO2525712,IOCREO2525713,IOCREO2525714,IOCREO2525715
IOCREO2525801,IOCREO2525802,IOCREO2525803,IOCREO2525804,IOCREO2525805,IOCREO2525806,IOCREO2525807,IOCREO2525808,IOCREO2525809,IOCREO2525810,IOCREO2525811,IOCREO2525812,IOCREO2525813,IOCREO2525814,IOCREO2525815
IOCREO2525901,IOCREO2525902,IOCREO2525903,IOCREO2525904,IOCREO2525905,IOCREO2525906,IOCREO2525907,IOCREO2525908,IOCREO2525909,IOCREO2525910,IOCREO2525911,IOCREO2525912,IOCREO2525913,IOCREO2525914,IOCREO2525915
IOCREO2526001,IOCREO2526002,IOCREO2526003,IOCREO2526004,IOCREO2526005,IOCREO2526006,IOCREO2526007,IOCREO2526008,IOCREO2526009,IOCREO2526010,IOCREO2526011,IOCREO2526012,IOCREO2526013,IOCREO2526014,IOCREO2526015
IOCREO2526101,IOCREO2526102,IOCREO2526103,IOCREO2526104,IOCREO2526105,IOCREO2526106,IOCREO2526107,IOCREO2526108,IOCREO2526109,IOCREO2526110,IOCREO2526111,IOCREO2526112,IOCREO2526113,IOCREO2526114,IOCREO2526115
IOCREO2526201,IOCREO2526202,IOCREO2526203,IOCREO2526204,IOCREO2526205,IOCREO2526206,IOCREO2526207,IOCREO2526208,IOCREO2526209,IOCREO2526210,IOCREO2526211,IOCREO2526212,IOCREO2526213,IOCREO2526214,IOCREO2526215
IOCREO2526301,IOCREO2526302,IOCREO2526303,IOCREO2526304,IOCREO2526305,IOCREO2526306,IOCREO2526307,IOCREO2526308,IOCREO2526309,IOCREO2526310,IOCREO2526311,IOCREO2526312,IOCREO2526313,IOCREO2526314,IOCREO2526315
IOCREO2526401,IOCREO2526402,IOCREO2526403,IOCREO2526404,IOCREO2526405,IOCREO2526406,IOCREO2526407,IOCREO2526408,IOCREO2526409,IOCREO2526410,IOCREO2526411,IOCREO2526412,IOCREO2526413,IOCREO2526414,IOCREO2526415
IOCREO2526501,IOCREO2526502,IOCREO2526503,IOCREO2526504,IOCREO2526505,IOCREO2526506,IOCREO2526507,IOCREO2526508,IOCREO2526509,IOCREO2526510,IOCREO2526511,IOCREO2526512,IOCREO2526513,IOCREO2526514,IOCREO2526515
IOCREO2526601,IOCREO2526602,IOCREO2526603,IOCREO2526604,IOCREO2526605,IOCREO2526606,IOCREO2526607,IOCREO2526608,IOCREO2526609,IOCREO2526610,IOCREO2526611,IOCREO2526612,IOCREO2526613,IOCREO2526614,IOCREO2526615
IOCREO2526701,IOCREO2526702,IOCREO2526703,IOCREO2526704,IOCREO2526705,IOCREO2526706,IOCREO2526707,IOCREO2526708,IOCREO2526709,IOCREO2526710,IOCREO2526711,IOCREO2526712,IOCREO2526713,IOCREO2526714,IOCREO2526715
IOCREO2526801,IOCREO2526802,IOCREO2526803,IOCREO2526804,IOCREO2526805,IOCREO2526806,IOCREO2526807,IOCREO2526808,IOCREO2526809,IOCREO2526810,IOCREO2526811,IOCREO2526812,IOCREO2526813,IOCREO2526814,IOCREO2526815
IOCREO2526901,IOCREO2526902,IOCREO2526903,IOCREO2526904,IOCREO2526905,IOCREO2526906,IOCREO2526907,IOCREO2526908,IOCREO2526909,IOCREO2526910,IOCREO2526911,IOCREO2526912,IOCREO2526913,IOCREO2526914,IOCREO2526915
IOCREO2527001,IOCREO2527002,IOCREO2527003,IOCREO2527004,IOCREO2527005,IOCREO2527006,IOCREO2527007,IOCREO2527008,IOCREO2527009,IOCREO2527010,IOCREO2527011,IOCREO2527012,IOCREO2527013,IOCREO2527014,IOCREO2527015